Dish Name	Ingredients Used	Price	Time Consumed	Menu Group
FoodC_RN7HQ	garlic, basil, carrot, flour	478.63	15	Dessert
FoodC_M3QNI	egg, corn, noodles, flour	313.34	26	Veg
FoodC_6LRCV	egg, yogurt, paneer, flour	124.22	22	Veg
FoodC_9Y248	paneer, noodles, yogurt, potato	262.88	26	Starter
FoodC_KE9FS	egg, cheese, oregano, chicken	270.21	44	Veg
FoodC_A8STF	lentils, basil, noodles, flour	442.57	10	Non-Veg
FoodC_ZKJKU	onion, corn, paneer, cheese	335.75	26	Veg
FoodC_YROJH	fish, spinach, broccoli, carrot	675.61	37	Combo
FoodC_B8I7I	spinach, flour, potato, milk	1056.94	29	Non-Veg
FoodC_Y8PCU	pepper, carrot, capsicum, cream	187.28	45	Main Course
FoodC_7WQ1M	broccoli, lentils, yogurt, pepper	1122.73	20	Beverage
FoodC_UIZ7P	onion, basil, yogurt, beef	944.16	7	Starter
FoodC_Y1J1V	capsicum, mushroom, paneer, onion	1077.37	14	Main Course
FoodC_WZRE5	pepper, beef, noodles, yogurt	223.03	43	Dessert
FoodC_X2WN0	basil, corn, potato, rice	1026.34	20	Starter
FoodC_W4R6V	potato, chicken, pepper, noodles	497.26	32	Main Course
FoodC_BBOYV	egg, lentils, chicken, yogurt	335.6	27	Dessert
FoodC_L3MUN	cream, oregano, corn, onion	715.64	7	Dessert
FoodC_Q9RN5	pepper, basil, cheese, milk	871.12	38	Dessert
FoodC_FOQ4J	onion, capsicum, carrot, tomato	508.8	10	Beverage
FoodC_KZXG4	noodles, capsicum, paneer, potato	591.42	30	Starter
FoodC_9FUE4	beef, garlic, broccoli, yogurt	1058.61	28	Veg
FoodC_BMU3Z	butter, oregano, lentils, flour	252.33	44	Main Course
FoodC_526R7	potato, cream, rice, garlic	326.8	43	Main Course
FoodC_FMV2D	pepper, mushroom, chicken, beef	738.73	39	Dessert
FoodC_IEB8X	capsicum, cheese, yogurt, butter	722.31	45	Beverage
FoodC_X84CF	potato, onion, noodles, fish	982.53	39	Non-Veg
FoodC_QWNQB	milk, basil, capsicum, oregano	111.49	24	Dessert
FoodC_UZFLZ	mushroom, flour, chicken, milk	209.09	42	Main Course
FoodC_XM7XH	broccoli, flour, pepper, tomato	330.34	44	Dessert
FoodC_FKDS1	carrot, beef, cream, potato	967.11	27	Veg
FoodC_P6JJG	yogurt, paneer, capsicum, beef	482.03	15	Combo
FoodC_UA7JM	flour, beef, garlic, capsicum	817.11	19	Main Course
FoodC_JVAM1	spinach, paneer, tomato, garlic	622.8	41	Veg
FoodC_VGQKS	lentils, tomato, cream, rice	1043.69	30	Dessert
FoodC_MBCG9	flour, cream, broccoli, egg	573.6	26	Non-Veg
FoodC_E78R7	egg, fish, mushroom, cream	130.01	36	Combo
FoodC_QUT46	corn, broccoli, chicken, noodles	383.16	44	Main Course
FoodC_W3FRE	mushroom, flour, fish, capsicum	623.91	23	Beverage
FoodC_38KTK	fish, rice, paneer, milk	968.93	39	Combo
FoodC_45774	noodles, fish, tomato, cream	952.94	8	Veg
FoodC_39RBE	pepper, butter, fish, chicken	1148.19	9	Non-Veg
FoodC_YJ66J	butter, milk, basil, egg	103.9	8	Main Course
FoodC_7PJHI	flour, mushroom, corn, egg	705.87	37	Non-Veg
FoodC_A7PUV	beef, yogurt, onion, corn	544.48	39	Veg
FoodC_K5T2S	fish, noodles, mushroom, onion	629.17	9	Non-Veg
FoodC_WR1CN	yogurt, egg, beef, basil	769.68	14	Dessert
FoodC_GO976	oregano, onion, corn, pepper	715.13	13	Beverage
FoodC_S7JW5	paneer, onion, cheese, basil	558.91	34	Main Course
FoodC_K7KHO	corn, paneer, tomato, chicken	851.06	33	Dessert
FoodC_WSV14	lentils, noodles, corn, beef	515.97	19	Combo
FoodC_LOLJ6	mushroom, cheese, basil, milk	730.99	45	Dessert
FoodC_IMVQ8	rice, garlic, oregano, butter	893.29	14	Starter
FoodC_UWLEL	chicken, tomato, flour, capsicum	680.16	35	Beverage
FoodC_SCMFS	onion, beef, milk, paneer	295.31	21	Starter
FoodC_RCDUC	oregano, pepper, mushroom, onion	1036.07	38	Veg
FoodC_7FDB7	corn, paneer, chicken, lentils	879.17	25	Starter
FoodC_P2MRN	pepper, noodles, broccoli, rice	1183.79	18	Veg
FoodC_60PYC	garlic, rice, fish, carrot	740.87	35	Dessert
FoodC_1WPTY	oregano, cheese, yogurt, noodles	593.39	19	Starter
FoodC_93661	mushroom, cheese, beef, onion	450.92	36	Dessert
FoodC_8TE6M	corn, cream, chicken, mushroom	640.59	9	Combo
FoodC_PR9P1	fish, paneer, cream, egg	208.22	30	Starter
FoodC_KS8MV	capsicum, cheese, mushroom, noodles	305.03	17	Dessert
FoodC_JGWE3	potato, milk, garlic, corn	140.29	21	Main Course
FoodC_OUWVQ	spinach, lentils, carrot, cream	1144.67	26	Starter
FoodC_FVSKV	beef, spinach, chicken, noodles	487.93	9	Beverage
FoodC_LMGUX	lentils, chicken, egg, cheese	1183.02	39	Beverage
FoodC_CGVMQ	rice, yogurt, paneer, tomato	944.63	24	Veg
FoodC_OY4VT	potato, beef, lentils, mushroom	777.74	42	Beverage
FoodC_EHDVE	broccoli, fish, spinach, garlic	734.45	39	Non-Veg
FoodC_F9JZU	noodles, spinach, milk, tomato	428.2	41	Beverage
FoodC_DC4F8	potato, cream, capsicum, broccoli	439.86	10	Beverage
FoodC_NWK7B	yogurt, spinach, paneer, broccoli	270.51	19	Dessert
FoodC_89A17	noodles, basil, carrot, mushroom	217.96	26	Starter
FoodC_JW504	carrot, mushroom, pepper, spinach	522.38	18	Starter
FoodC_V8VDY	basil, potato, fish, cheese	1001.99	10	Veg
FoodC_VOL38	milk, potato, spinach, butter	974.41	25	Combo
FoodC_8R545	rice, basil, noodles, carrot	726.45	19	Combo
FoodC_GQEJW	chicken, basil, milk, pepper	1115.58	40	Dessert
FoodC_D5OLC	tomato, oregano, broccoli, onion	640.78	20	Veg
FoodC_PY6PV	yogurt, cheese, oregano, noodles	1059.23	45	Non-Veg
FoodC_PK4CH	capsicum, onion, flour, spinach	430.59	22	Main Course
FoodC_OB0YV	yogurt, paneer, beef, milk	941.71	19	Veg
FoodC_PJQ9N	oregano, pepper, potato, butter	111.19	12	Non-Veg
FoodC_W74G6	butter, oregano, chicken, yogurt	372.5	37	Veg
FoodC_8945V	basil, carrot, cream, yogurt	489.8	10	Combo
FoodC_KDLBO	egg, mushroom, noodles, basil	1030.64	10	Starter
FoodC_PZA8O	mushroom, beef, corn, potato	677.17	32	Beverage
FoodC_JUZ05	paneer, garlic, beef, spinach	352.3	32	Main Course
FoodC_MVCAV	potato, tomato, egg, corn	652	20	Veg
FoodC_1L2O2	fish, onion, yogurt, oregano	157.4	26	Non-Veg
FoodC_PR5XP	spinach, onion, pepper, mushroom	850.94	11	Dessert
FoodC_P9R39	mushroom, chicken, butter, beef	201.5	39	Dessert
FoodC_OMUHG	cream, garlic, basil, tomato	950.51	5	Combo
FoodC_R341V	onion, flour, carrot, basil	517.05	19	Dessert
FoodC_ONJNJ	butter, chicken, pepper, tomato	679.17	32	Non-Veg
FoodC_UXYIY	basil, milk, garlic, pepper	711.25	30	Combo
FoodC_6D2RC	potato, yogurt, butter, capsicum	383.4	22	Combo
FoodC_SL7IY	butter, beef, corn, noodles	402.6	10	Non-Veg
FoodC_YI095	mushroom, egg, carrot, tomato	934.74	14	Starter
FoodC_5WHN3	oregano, pepper, mushroom, noodles	645.17	20	Non-Veg
FoodC_H1WNN	beef, egg, onion, corn	999.34	32	Main Course
FoodC_T0521	tomato, milk, cream, paneer	226.55	21	Dessert
FoodC_AO7HT	onion, potato, garlic, basil	690.93	37	Starter
FoodC_V5G8Q	spinach, yogurt, broccoli, onion	181.22	26	Veg
FoodC_816FC	cream, garlic, cheese, onion	804.53	19	Combo
FoodC_TRA63	noodles, carrot, mushroom, garlic	137.76	18	Veg
FoodC_D23EG	milk, pepper, corn, capsicum	1052.3	41	Veg
FoodC_BOO6E	mushroom, chicken, milk, carrot	594.82	29	Combo
FoodC_CDKFT	butter, pepper, mushroom, milk	1085.6	18	Veg
FoodC_HISLR	carrot, yogurt, oregano, flour	1023.86	6	Veg
FoodC_GNS9R	cream, chicken, flour, basil	135.5	36	Main Course
FoodC_0XC8R	lentils, yogurt, tomato, capsicum	723.72	32	Veg
FoodC_ZAA3K	basil, corn, lentils, oregano	333.24	24	Main Course
FoodC_9XX5X	basil, cream, tomato, butter	807.32	36	Combo
FoodC_4BE8U	cream, basil, butter, egg	241.18	37	Combo
FoodC_D3LPB	butter, milk, lentils, cream	879.07	35	Combo
FoodC_82C0Z	fish, mushroom, egg, butter	724.01	11	Dessert
FoodC_X3OCM	basil, cream, fish, egg	118.42	36	Main Course
FoodC_4ANYA	yogurt, tomato, butter, beef	384.28	6	Combo
FoodC_7FPQH	noodles, potato, chicken, carrot	751.1	41	Beverage
FoodC_71MYD	carrot, cheese, oregano, butter	630.65	28	Dessert
FoodC_M8WXD	cream, yogurt, potato, garlic	679.1	10	Starter
FoodC_WQP51	basil, rice, onion, capsicum	249.25	41	Veg
FoodC_TYKA4	noodles, mushroom, egg, oregano	342.75	5	Non-Veg
FoodC_75S3G	spinach, paneer, butter, capsicum	949.86	29	Beverage
FoodC_HUKBR	potato, milk, basil, garlic	798.37	11	Starter
FoodC_FZHME	mushroom, potato, cream, egg	528.46	23	Veg
FoodC_JLSAS	cream, onion, beef, basil	1052.02	42	Non-Veg
FoodC_9CT6P	onion, corn, noodles, potato	492.19	14	Dessert
FoodC_66CCA	corn, chicken, noodles, flour	229.99	15	Beverage
FoodC_2YA86	broccoli, mushroom, beef, cheese	833.2	44	Dessert
FoodC_HGOYS	pepper, butter, spinach, basil	1157.34	13	Combo
FoodC_XQBGT	yogurt, fish, milk, tomato	868.79	42	Starter
FoodC_ECDSO	butter, pepper, mushroom, basil	736.88	38	Dessert
FoodC_81OQW	carrot, lentils, paneer, onion	276.58	19	Main Course
FoodC_FA5TD	basil, tomato, paneer, milk	919.01	40	Starter
FoodC_ZU9EP	tomato, milk, mushroom, potato	320.97	27	Veg
FoodC_NQHCO	fish, beef, egg, broccoli	525.95	6	Dessert
FoodC_0JP4G	beef, lentils, egg, capsicum	641.4	31	Main Course
FoodC_REI2G	fish, oregano, egg, broccoli	777.23	33	Non-Veg
FoodC_YWT0X	carrot, tomato, beef, capsicum	317.44	35	Combo
FoodC_CY4W1	cream, carrot, spinach, corn	593.91	24	Non-Veg
FoodC_ALZYC	mushroom, broccoli, paneer, yogurt	246.33	10	Starter
FoodC_GRCXJ	capsicum, noodles, chicken, garlic	759.97	8	Combo
FoodC_1B6OL	chicken, cream, milk, onion	661.4	41	Main Course
FoodC_95E65	flour, butter, egg, broccoli	1105.17	42	Combo
FoodC_Z0TMU	fish, butter, onion, beef	379.62	18	Dessert
FoodC_DBH62	egg, yogurt, noodles, broccoli	754.26	29	Main Course
FoodC_DGI7R	flour, lentils, cheese, yogurt	311.64	13	Combo
FoodC_LVKHT	potato, cheese, noodles, lentils	288.6	45	Combo
FoodC_QM9C0	egg, flour, oregano, potato	1030.83	29	Veg
FoodC_942FL	paneer, milk, egg, beef	743.27	11	Starter
FoodC_JVOKT	garlic, noodles, lentils, corn	1046.81	10	Main Course
FoodC_UPSU2	spinach, noodles, flour, garlic	337.13	32	Combo
FoodC_A3RAT	chicken, noodles, broccoli, butter	498.1	19	Starter
FoodC_VZVEE	corn, butter, carrot, garlic	626.22	39	Veg
FoodC_3HJ7S	flour, yogurt, mushroom, corn	979.07	42	Beverage
FoodC_8MEC2	paneer, corn, potato, egg	850.79	16	Beverage
FoodC_DZ04U	egg, milk, cream, pepper	1128.9	21	Starter
FoodC_M4JXT	corn, oregano, carrot, chicken	1046.42	38	Non-Veg
FoodC_GKEJN	chicken, corn, paneer, spinach	633.28	29	Main Course
FoodC_DMVR9	cream, flour, oregano, butter	200.01	32	Combo
FoodC_N8WTA	spinach, tomato, broccoli, pepper	1173.85	29	Combo
FoodC_UETEU	pepper, mushroom, cream, butter	1131.78	35	Non-Veg
FoodC_KW3ZY	egg, beef, fish, butter	604.37	27	Dessert
FoodC_1A2NU	broccoli, chicken, potato, corn	798.55	35	Main Course
FoodC_1KQZY	beef, potato, lentils, onion	269.54	18	Veg
FoodC_A7SL3	beef, mushroom, pepper, garlic	1069.13	45	Beverage
FoodC_0BFJE	broccoli, capsicum, corn, flour	270.9	8	Combo
FoodC_5B8NJ	egg, tomato, cheese, broccoli	101.57	27	Starter
FoodC_OFC9J	cream, broccoli, lentils, tomato	449.98	38	Beverage
FoodC_RP77U	noodles, egg, beef, capsicum	722.38	44	Main Course
FoodC_97LBV	onion, fish, noodles, egg	959.61	22	Veg
FoodC_KQJZO	fish, rice, pepper, cream	241.58	7	Non-Veg
FoodC_BO9H9	milk, yogurt, flour, butter	998.7	45	Starter
FoodC_1S29H	egg, capsicum, carrot, paneer	332.45	10	Veg
FoodC_XST0W	cream, mushroom, spinach, pepper	974.68	36	Combo
FoodC_OOPWT	chicken, rice, basil, milk	832.43	23	Non-Veg
FoodC_DJPVY	broccoli, onion, yogurt, fish	135.6	25	Dessert
FoodC_LWCOD	onion, capsicum, tomato, beef	606.32	17	Main Course
FoodC_ZZJ3L	pepper, capsicum, cheese, spinach	456.99	40	Beverage
FoodC_PBN6K	carrot, flour, oregano, corn	909.04	10	Starter
FoodC_1JF44	cheese, milk, rice, pepper	755.88	40	Veg
FoodC_5587F	lentils, noodles, butter, carrot	182.96	6	Non-Veg
FoodC_QRYLD	cheese, basil, capsicum, beef	1063.64	33	Dessert
FoodC_FI5O6	potato, fish, beef, spinach	640	12	Beverage
FoodC_RMQ4L	potato, tomato, noodles, fish	1105.95	32	Main Course
FoodC_TOE9T	oregano, cheese, corn, carrot	672.22	40	Beverage
FoodC_QA56S	cream, potato, paneer, oregano	724.44	27	Veg
FoodC_79GWO	onion, fish, cream, rice	105.26	33	Veg
FoodC_G1CC7	spinach, corn, capsicum, cream	162.54	35	Beverage
FoodC_TKGUZ	milk, potato, corn, lentils	988.17	28	Main Course
FoodC_648L3	butter, corn, spinach, flour	1059.84	44	Starter
FoodC_BB2RY	garlic, flour, mushroom, lentils	1032.49	37	Main Course
FoodC_6FC2X	rice, cream, lentils, spinach	366.22	9	Veg
FoodC_XGNFG	capsicum, cream, cheese, garlic	130.06	20	Starter
FoodC_69J5J	pepper, mushroom, broccoli, cheese	795.2	28	Non-Veg
FoodC_KPH5Y	rice, basil, spinach, capsicum	624.46	24	Veg
FoodC_Q7DJM	broccoli, carrot, milk, oregano	1110.75	21	Veg
FoodC_6P6Q0	carrot, chicken, cheese, paneer	811.7	32	Beverage
FoodC_YF454	potato, paneer, carrot, onion	178.3	38	Dessert
FoodC_OXXNB	cream, tomato, chicken, butter	250.47	7	Beverage
FoodC_ANQN6	egg, fish, lentils, potato	243.18	26	Beverage
FoodC_K8Q4X	spinach, paneer, pepper, tomato	509.08	31	Starter
FoodC_XQ4YY	potato, milk, tomato, garlic	955.79	18	Veg
FoodC_R5DEN	onion, cheese, cream, pepper	120.46	11	Main Course
FoodC_J247Q	garlic, chicken, paneer, mushroom	340.37	40	Combo
FoodC_B2KCD	butter, pepper, tomato, cheese	1018.53	31	Veg
FoodC_K4WDV	flour, cheese, spinach, butter	892.11	41	Beverage
FoodC_5BR0F	capsicum, cream, corn, milk	490.59	12	Dessert
FoodC_QEHJR	beef, carrot, milk, cheese	684.34	23	Starter
FoodC_8IIZK	lentils, carrot, egg, capsicum	337.44	30	Dessert
FoodC_0MPWH	noodles, chicken, tomato, capsicum	848.32	17	Beverage
FoodC_D23QQ	pepper, flour, tomato, carrot	1114.92	22	Dessert
FoodC_RDR1R	beef, garlic, broccoli, egg	366.65	18	Main Course
FoodC_HMLCX	noodles, butter, lentils, yogurt	521.98	29	Beverage
FoodC_MHFPK	onion, garlic, chicken, mushroom	254.55	8	Non-Veg
FoodC_ZVED2	yogurt, capsicum, flour, corn	869.9	28	Beverage
FoodC_GFJ7A	pepper, milk, rice, spinach	217.88	38	Main Course
FoodC_01FC9	capsicum, carrot, tomato, lentils	177.3	37	Veg
FoodC_ANME1	oregano, capsicum, beef, basil	809.38	7	Beverage
FoodC_AIYWD	lentils, spinach, corn, oregano	1140.36	16	Non-Veg
FoodC_94FXW	rice, milk, carrot, spinach	1063.6	12	Non-Veg
FoodC_TLWWZ	egg, oregano, broccoli, yogurt	767.06	5	Non-Veg
FoodC_VE2N0	flour, milk, noodles, basil	959.6	25	Dessert
FoodC_KX5LT	chicken, carrot, cheese, onion	403.99	35	Main Course
FoodC_ZRD2A	potato, carrot, tomato, garlic	304.41	30	Non-Veg
FoodC_2O9C0	pepper, onion, broccoli, basil	834.06	16	Main Course
FoodC_4A5DN	lentils, onion, capsicum, chicken	182.93	5	Dessert
FoodC_MWAVG	noodles, broccoli, capsicum, garlic	872.05	41	Combo
FoodC_KQX3I	noodles, broccoli, lentils, milk	456.34	27	Starter
FoodC_F8ZP0	yogurt, tomato, garlic, potato	370.53	42	Main Course
FoodC_H0SAW	corn, basil, egg, broccoli	151.38	25	Combo
FoodC_TPCVC	rice, garlic, egg, capsicum	343.11	26	Veg
FoodC_HQA68	cream, beef, onion, carrot	1032.09	36	Starter
FoodC_SLCGW	carrot, broccoli, potato, onion	141.62	14	Main Course
FoodC_FQMCY	beef, spinach, chicken, noodles	567.79	43	Non-Veg
FoodC_9D6JM	beef, garlic, spinach, butter	922.76	12	Non-Veg
FoodC_GC2F3	noodles, spinach, egg, carrot	261.45	8	Starter
FoodC_0PLSN	oregano, chicken, pepper, spinach	1178.1	42	Beverage
FoodC_U761G	cheese, tomato, garlic, carrot	180.89	22	Starter
FoodC_GYYFJ	potato, yogurt, onion, paneer	806.26	28	Beverage
FoodC_H2X42	egg, carrot, beef, rice	688.38	44	Starter
FoodC_GL3X5	egg, basil, cheese, broccoli	1038.02	39	Beverage
FoodC_5BO41	tomato, basil, fish, chicken	373.89	45	Combo
FoodC_AFON6	broccoli, flour, mushroom, cream	1100.5	14	Starter
FoodC_D3F13	egg, onion, lentils, corn	277.95	7	Starter
FoodC_4RLK6	potato, flour, butter, beef	293.54	5	Non-Veg
FoodC_954HS	yogurt, paneer, lentils, pepper	1135.27	36	Combo
FoodC_48Y58	yogurt, cheese, milk, onion	460.17	44	Beverage
FoodC_RVN12	potato, flour, noodles, yogurt	642.85	19	Non-Veg
FoodC_NW93G	mushroom, onion, rice, paneer	439.21	10	Dessert
FoodC_YC7ES	broccoli, yogurt, cheese, potato	275.24	29	Dessert
FoodC_9N6JU	chicken, onion, paneer, spinach	181.9	34	Veg
FoodC_YNYAD	cream, egg, lentils, flour	1042.09	6	Main Course
FoodC_7JNF6	fish, carrot, noodles, potato	515.6	8	Main Course
FoodC_BGYX9	paneer, mushroom, egg, fish	253.23	6	Combo
FoodC_VD2BK	onion, milk, oregano, spinach	787.67	45	Starter
FoodC_Y3U43	beef, paneer, cheese, egg	929.18	42	Veg
FoodC_O02ZA	oregano, flour, cheese, rice	108.44	11	Starter
FoodC_FZE00	butter, mushroom, corn, spinach	973.31	11	Combo
FoodC_2VP7T	tomato, pepper, cream, carrot	375.75	32	Main Course
FoodC_DM5ED	basil, chicken, cream, mushroom	532.94	15	Beverage
FoodC_ZGBLC	corn, potato, tomato, fish	854.69	21	Veg
FoodC_3HW62	corn, potato, egg, flour	860.71	37	Dessert
FoodC_45GYQ	corn, fish, yogurt, beef	774.64	16	Starter
FoodC_0PNIY	potato, paneer, onion, yogurt	1081.26	29	Veg
FoodC_YCQHQ	beef, oregano, tomato, noodles	743.1	39	Beverage
FoodC_UK1DI	cream, noodles, flour, broccoli	137.52	34	Main Course
FoodC_9S0ZV	garlic, tomato, butter, lentils	243.08	17	Main Course
FoodC_QWLDA	capsicum, cream, flour, fish	736.85	20	Veg
FoodC_TR5TE	capsicum, spinach, potato, cheese	1005.16	43	Combo
FoodC_K0JV7	basil, rice, broccoli, paneer	733.33	40	Main Course
FoodC_0T3XF	basil, pepper, butter, capsicum	753.34	35	Veg
FoodC_3CONM	capsicum, egg, yogurt, oregano	775.1	32	Non-Veg
FoodC_AEYWE	cheese, paneer, tomato, corn	169.83	41	Dessert
FoodC_D7RWO	yogurt, carrot, milk, basil	559.99	18	Main Course
FoodC_D6OFH	pepper, oregano, butter, beef	920.65	34	Main Course
FoodC_0KUGR	spinach, yogurt, broccoli, mushroom	622.92	34	Combo
FoodC_NDATK	milk, chicken, paneer, beef	513.68	13	Beverage
FoodC_8K2IW	lentils, noodles, tomato, potato	494.17	35	Beverage
FoodC_819VP	noodles, pepper, corn, broccoli	954.44	38	Combo
FoodC_6NGCU	oregano, flour, cream, chicken	911.19	45	Main Course
FoodC_XXIFF	tomato, egg, chicken, corn	1136.55	31	Beverage
FoodC_IUCWJ	carrot, pepper, chicken, rice	630.21	18	Dessert
FoodC_ZAYQK	basil, corn, yogurt, pepper	476.79	10	Non-Veg
FoodC_PEEUJ	tomato, milk, broccoli, butter	522.52	45	Beverage
FoodC_3MD9O	rice, corn, mushroom, spinach	423.05	39	Starter
FoodC_9J5IA	noodles, oregano, broccoli, pepper	329.42	17	Non-Veg
FoodC_1XS99	capsicum, carrot, flour, pepper	197.73	27	Dessert
FoodC_46LRI	pepper, potato, lentils, milk	743.24	12	Combo
FoodC_P0EMG	potato, broccoli, cheese, garlic	1046.79	7	Veg
FoodC_QKAND	paneer, spinach, chicken, pepper	684	15	Main Course
FoodC_RKDJ8	carrot, cheese, pepper, milk	230.43	38	Combo
FoodC_0EQG0	basil, fish, milk, onion	959.25	11	Beverage
FoodC_1YSYG	yogurt, pepper, tomato, garlic	722.17	32	Non-Veg
FoodC_ZL7WF	potato, paneer, corn, spinach	644.35	27	Veg
FoodC_W5WQ9	milk, spinach, cheese, garlic	133.55	36	Dessert
FoodC_1ZOQ6	capsicum, oregano, potato, milk	1008.84	38	Veg
FoodC_17MDG	cream, paneer, milk, mushroom	1041.72	37	Non-Veg
FoodC_S39XK	milk, cream, rice, egg	598.76	41	Combo
FoodC_BGF5D	basil, mushroom, onion, paneer	1002.69	26	Non-Veg
FoodC_IO57V	cheese, tomato, fish, paneer	119.51	31	Combo
FoodC_5BE7T	cream, mushroom, pepper, spinach	163.98	42	Beverage
FoodC_A4TZP	mushroom, fish, oregano, capsicum	939.85	14	Starter
FoodC_OQ6DX	noodles, carrot, cream, milk	358.41	33	Starter
FoodC_4X0AC	potato, mushroom, beef, garlic	563.19	41	Main Course
FoodC_PGDWY	broccoli, carrot, oregano, milk	1178.62	10	Starter
FoodC_5IT3R	flour, onion, cheese, spinach	767.92	44	Dessert
FoodC_DPVHJ	potato, butter, corn, chicken	634.38	37	Beverage
FoodC_8GNGP	oregano, yogurt, potato, onion	699.45	31	Beverage
FoodC_19JLK	rice, corn, beef, lentils	351.03	34	Veg
FoodC_XYXSG	chicken, rice, fish, pepper	839.16	23	Main Course
FoodC_G5KIY	tomato, garlic, carrot, cream	122.94	22	Veg
FoodC_8DKSL	noodles, broccoli, lentils, chicken	891.62	38	Starter
FoodC_UJJC9	noodles, garlic, beef, egg	336.87	20	Dessert
FoodC_NK1NF	rice, beef, egg, broccoli	1159.23	42	Beverage
FoodC_ZAJXN	broccoli, flour, onion, basil	1024.24	23	Non-Veg
FoodC_GHF7L	chicken, pepper, mushroom, oregano	1124.71	6	Dessert
FoodC_YLFI9	onion, oregano, broccoli, spinach	900.23	17	Veg
FoodC_24NQ5	flour, carrot, broccoli, paneer	1174.56	26	Combo
FoodC_SWQAX	carrot, rice, butter, onion	191.79	36	Combo
FoodC_CTDCB	flour, cream, basil, fish	801.72	26	Combo
FoodC_G2GO0	butter, potato, garlic, paneer	339.58	38	Dessert
FoodC_HXBFZ	mushroom, egg, chicken, garlic	336.25	11	Starter
FoodC_54GJF	butter, paneer, broccoli, oregano	356.21	5	Non-Veg
FoodC_3XI74	lentils, potato, carrot, milk	130.7	20	Veg
FoodC_9Q93W	fish, oregano, basil, mushroom	1157.62	5	Veg
FoodC_MZ482	oregano, tomato, cream, lentils	335.5	40	Dessert
FoodC_7U9NT	capsicum, spinach, egg, cream	938.27	19	Veg
FoodC_S7I5T	cream, potato, tomato, paneer	1177.01	37	Starter
FoodC_QD6NB	pepper, beef, cream, capsicum	276.51	43	Veg
FoodC_Q4UZ6	capsicum, broccoli, carrot, cream	347.37	20	Non-Veg
FoodC_Z7SSQ	cheese, onion, chicken, milk	1078.25	33	Main Course
FoodC_V9IQY	fish, capsicum, corn, basil	437.42	22	Main Course
FoodC_QODC3	cheese, spinach, fish, pepper	1175.27	27	Starter
FoodC_RC5CE	garlic, flour, noodles, carrot	318.66	43	Main Course
FoodC_1TJU3	chicken, flour, carrot, pepper	126.75	29	Dessert
FoodC_FT3CY	basil, oregano, mushroom, beef	671.25	18	Non-Veg
FoodC_5KUNG	basil, flour, mushroom, tomato	715.69	24	Dessert
FoodC_EK0DZ	corn, cheese, pepper, carrot	628.92	12	Starter
FoodC_XCJ25	pepper, cream, tomato, noodles	414.53	7	Non-Veg
FoodC_NOSHF	cheese, noodles, yogurt, oregano	681.69	30	Starter
FoodC_3BHI3	onion, mushroom, oregano, lentils	539.74	34	Main Course
FoodC_M7A71	spinach, cheese, fish, cream	974.55	8	Non-Veg
FoodC_UIH37	carrot, fish, rice, flour	788.8	18	Dessert
FoodC_8ET3I	beef, garlic, cream, corn	480.48	12	Veg
FoodC_FTLJQ	spinach, butter, potato, cheese	619.17	34	Dessert
FoodC_Q3EL5	rice, yogurt, cream, carrot	160.94	36	Veg
FoodC_13FTQ	spinach, rice, paneer, milk	1055.97	45	Main Course
FoodC_K1JTL	flour, broccoli, chicken, corn	257.83	43	Starter
FoodC_XBMXX	flour, tomato, garlic, potato	1001.67	33	Non-Veg
FoodC_PEDL8	carrot, pepper, lentils, chicken	600.86	12	Beverage
FoodC_ORV2C	cheese, flour, noodles, fish	1154.02	30	Dessert
FoodC_RVFXT	capsicum, basil, paneer, rice	455.58	30	Beverage
FoodC_GS4M3	cream, carrot, corn, chicken	362.44	28	Non-Veg
FoodC_1X94T	paneer, broccoli, butter, cream	615.61	45	Main Course
FoodC_LYXD2	cream, oregano, fish, flour	264.73	14	Starter
FoodC_XTE78	fish, spinach, beef, capsicum	917.85	13	Dessert
FoodC_Q845G	cream, corn, garlic, oregano	764.39	32	Beverage
FoodC_2C01Z	paneer, spinach, corn, yogurt	1010.28	7	Veg
FoodC_W4I51	corn, fish, paneer, yogurt	415.03	7	Starter
FoodC_P9ZAJ	egg, yogurt, milk, cream	103.05	14	Non-Veg
FoodC_K8RCJ	oregano, egg, beef, spinach	975.8	25	Dessert
FoodC_GADJE	cheese, oregano, rice, flour	507.74	20	Beverage
FoodC_PL7KJ	cheese, egg, spinach, pepper	1013.92	30	Main Course
FoodC_96XRJ	oregano, milk, mushroom, potato	357.34	17	Non-Veg
FoodC_ODXO0	rice, basil, garlic, mushroom	1199.46	21	Main Course
FoodC_T0XY5	fish, capsicum, flour, cheese	433.48	28	Non-Veg
FoodC_F9T02	onion, flour, rice, garlic	515.16	32	Beverage
FoodC_ST0MQ	carrot, flour, spinach, cream	724.57	31	Dessert
FoodC_F74P0	noodles, mushroom, onion, spinach	305.6	10	Veg
FoodC_7XTMQ	broccoli, onion, carrot, beef	894.57	33	Combo
FoodC_KP6NT	oregano, paneer, capsicum, spinach	1077.68	8	Dessert
FoodC_0H8QG	onion, flour, corn, milk	665.81	21	Starter
FoodC_LW0B5	rice, butter, mushroom, cream	730.57	42	Beverage
FoodC_BDAM7	milk, mushroom, capsicum, yogurt	237.5	36	Main Course
FoodC_QRJ4T	beef, cheese, potato, milk	549.75	16	Beverage
FoodC_PHWUX	pepper, fish, rice, basil	619.7	32	Dessert
FoodC_82Q1J	cream, tomato, garlic, egg	968.38	33	Dessert
FoodC_GUI5N	fish, spinach, beef, basil	383.98	11	Dessert
FoodC_HXE23	rice, potato, yogurt, garlic	764.17	5	Non-Veg
FoodC_QC5GY	spinach, potato, yogurt, fish	1139.41	43	Beverage
FoodC_3Y0L3	fish, butter, pepper, basil	653.98	15	Main Course
FoodC_2U8RG	oregano, milk, egg, lentils	580.51	28	Main Course
FoodC_YGOS7	yogurt, broccoli, potato, pepper	591.22	41	Dessert
FoodC_VOCHX	cheese, corn, paneer, potato	505.19	16	Combo
FoodC_7PE27	corn, pepper, spinach, garlic	435.02	25	Non-Veg
FoodC_I3N7W	cream, broccoli, lentils, mushroom	195.93	22	Non-Veg
FoodC_VI3XW	cream, corn, flour, capsicum	685.44	29	Main Course
FoodC_PK1VD	cheese, yogurt, spinach, rice	820.76	19	Combo
FoodC_DRVFG	broccoli, basil, flour, beef	1190.58	35	Combo
FoodC_O9X08	pepper, paneer, cream, mushroom	330.97	36	Veg
FoodC_KYPY6	paneer, lentils, onion, pepper	271.33	25	Dessert
FoodC_AXS4Z	potato, onion, spinach, carrot	776.2	25	Veg
FoodC_BRJFY	tomato, lentils, mushroom, fish	1199.66	34	Starter
FoodC_RRHPC	spinach, beef, fish, onion	1179.9	36	Veg
FoodC_Q4U6T	mushroom, capsicum, flour, broccoli	881.89	16	Veg
FoodC_1NC2I	mushroom, carrot, noodles, milk	123.78	6	Dessert
FoodC_2KG2L	pepper, flour, egg, basil	153.35	19	Non-Veg
FoodC_05WJ3	corn, yogurt, mushroom, oregano	669.11	20	Dessert
FoodC_EHV6S	pepper, tomato, cream, chicken	328.62	27	Main Course
FoodC_NR2CZ	tomato, beef, butter, rice	1154.64	43	Beverage
FoodC_Z2GPL	lentils, garlic, paneer, pepper	703.8	41	Non-Veg
FoodC_9FSDT	spinach, onion, paneer, tomato	1085.77	6	Combo
FoodC_O7FW3	basil, chicken, flour, egg	516.93	8	Dessert
FoodC_PQS2V	potato, basil, pepper, capsicum	1146.94	19	Combo
FoodC_5KT73	broccoli, chicken, pepper, noodles	1093.71	6	Beverage
FoodC_7NBD9	capsicum, tomato, cheese, corn	415.57	20	Dessert
FoodC_PD5BK	basil, flour, butter, mushroom	565.46	25	Non-Veg
FoodC_QEP7B	chicken, carrot, onion, egg	268.45	38	Combo
FoodC_YBQ6J	broccoli, lentils, carrot, onion	685.98	12	Beverage
FoodC_UIDL3	basil, fish, carrot, corn	968.74	7	Veg
FoodC_Q4FZR	beef, garlic, flour, cream	1159.96	36	Starter
FoodC_7WR7B	spinach, tomato, cheese, capsicum	288.46	15	Non-Veg
FoodC_147U9	lentils, pepper, corn, fish	492.96	43	Main Course
FoodC_RG50P	beef, milk, potato, rice	1022.41	25	Starter
FoodC_GE1J6	spinach, yogurt, carrot, paneer	428.06	12	Main Course
FoodC_UG1AD	tomato, pepper, yogurt, basil	970.21	14	Starter
FoodC_XF87E	potato, butter, onion, pepper	791.62	26	Combo
FoodC_BNBB9	carrot, chicken, potato, broccoli	281.67	28	Combo
FoodC_AZYSM	yogurt, cream, oregano, onion	870.63	36	Main Course
FoodC_D3WIF	oregano, flour, pepper, garlic	215.25	11	Non-Veg
FoodC_3VWDD	broccoli, butter, fish, milk	302.84	41	Dessert
FoodC_D1M03	yogurt, flour, pepper, potato	904.28	18	Combo
FoodC_MP4R9	oregano, noodles, butter, chicken	163.34	24	Main Course
FoodC_BLJH2	mushroom, milk, corn, flour	689.17	11	Main Course
FoodC_DC2I0	spinach, garlic, lentils, butter	252.76	32	Veg
FoodC_OBX5G	garlic, oregano, flour, milk	206.35	30	Combo
FoodC_UI2HN	yogurt, garlic, broccoli, fish	394.44	14	Veg
FoodC_TF97Y	flour, garlic, capsicum, cheese	894.2	24	Dessert
FoodC_PF97G	cream, chicken, potato, noodles	792.14	38	Veg
FoodC_OEAF3	flour, yogurt, fish, butter	504.52	40	Main Course
FoodC_4GCTL	rice, corn, cheese, spinach	927.25	33	Combo
FoodC_CCFXG	flour, capsicum, oregano, mushroom	1010.23	24	Non-Veg
FoodC_C3ZAS	potato, paneer, corn, garlic	756.5	9	Main Course
FoodC_V4CU5	broccoli, mushroom, flour, fish	478.02	23	Starter
FoodC_WOVEZ	cheese, broccoli, yogurt, chicken	1078.67	26	Starter
FoodC_KKQQP	mushroom, egg, pepper, butter	986.13	37	Non-Veg
FoodC_3XN1F	tomato, potato, onion, cheese	716.82	36	Main Course
FoodC_U046I	broccoli, carrot, beef, corn	257.36	45	Main Course
FoodC_7I08Y	yogurt, capsicum, onion, fish	120.46	19	Dessert
FoodC_T71IE	cheese, lentils, yogurt, mushroom	969.25	11	Starter
FoodC_OT1VB	egg, cream, paneer, garlic	953.48	41	Combo
FoodC_FWWP7	potato, capsicum, onion, beef	442.49	5	Beverage
FoodC_M7YY2	spinach, butter, potato, capsicum	826.91	21	Non-Veg
FoodC_8N4N7	garlic, fish, milk, potato	942.29	19	Main Course
FoodC_CQP91	flour, broccoli, onion, egg	1009.68	43	Beverage
FoodC_OGKEN	onion, broccoli, milk, pepper	863.34	37	Non-Veg
FoodC_LE0P5	noodles, spinach, corn, butter	617.34	33	Starter
FoodC_LKA3J	milk, capsicum, potato, cheese	894.92	33	Non-Veg
FoodC_GB6XT	basil, egg, oregano, tomato	588.95	9	Main Course
FoodC_W2UT8	butter, onion, basil, pepper	375.1	13	Starter
FoodC_LBIJF	noodles, chicken, yogurt, corn	686.12	10	Starter
FoodC_EG3GW	onion, carrot, corn, milk	1149.49	38	Beverage
FoodC_VHUU4	garlic, egg, paneer, pepper	531.69	27	Non-Veg
FoodC_A92P3	paneer, garlic, capsicum, cream	494.31	24	Non-Veg
FoodC_VEQ16	garlic, egg, tomato, milk	880.9	27	Starter
FoodC_JS7O3	oregano, paneer, cream, chicken	949.5	42	Main Course
FoodC_XAY6Q	garlic, cream, lentils, cheese	785.03	26	Main Course
FoodC_RV9UF	lentils, flour, rice, oregano	507.43	37	Non-Veg
FoodC_C5Z24	paneer, beef, mushroom, carrot	424.15	44	Combo
FoodC_U2AXR	cream, fish, pepper, chicken	946.69	20	Dessert
FoodC_BX2HK	lentils, flour, beef, mushroom	337.24	28	Combo
FoodC_9CME7	mushroom, beef, pepper, basil	580.72	23	Main Course
FoodC_EPYQ0	rice, garlic, noodles, oregano	220.76	29	Non-Veg
FoodC_P5JHN	yogurt, butter, cream, capsicum	634.71	45	Starter
FoodC_YZ7NP	chicken, mushroom, capsicum, flour	481.68	6	Non-Veg
FoodC_X46NZ	yogurt, egg, flour, beef	772.27	37	Starter
FoodC_Z5L8P	carrot, capsicum, noodles, chicken	639.9	22	Starter
FoodC_TRIGH	potato, noodles, lentils, rice	879.54	7	Non-Veg
FoodC_3VQ3O	carrot, broccoli, corn, lentils	649.1	43	Veg
FoodC_415LR	corn, lentils, spinach, capsicum	836.87	45	Beverage
FoodC_FDIR0	beef, noodles, carrot, onion	425.52	16	Non-Veg
FoodC_Y2BKE	milk, mushroom, potato, capsicum	175.43	35	Veg
FoodC_2YNHB	garlic, milk, tomato, flour	911.77	38	Non-Veg
FoodC_WIIJJ	chicken, garlic, tomato, butter	1099.84	17	Beverage
FoodC_O5GYD	capsicum, oregano, potato, rice	453.45	11	Dessert
FoodC_3GAOF	egg, flour, chicken, paneer	398.61	16	Beverage
FoodC_79L6Q	butter, corn, oregano, beef	1022.63	42	Starter
FoodC_ISS26	yogurt, corn, tomato, cheese	874.21	19	Main Course
FoodC_RUADK	tomato, egg, oregano, mushroom	101.2	6	Non-Veg
FoodC_DPBIQ	capsicum, butter, milk, yogurt	357.78	29	Dessert
FoodC_R2G08	cream, tomato, broccoli, yogurt	942.55	28	Veg
FoodC_0XTBX	capsicum, garlic, cheese, beef	116.95	17	Combo
FoodC_VXYYU	onion, carrot, broccoli, pepper	186	9	Starter
FoodC_UVRFP	pepper, basil, yogurt, egg	1050.56	24	Main Course
FoodC_G4ALK	lentils, basil, carrot, fish	1043.5	20	Main Course
FoodC_1N21E	capsicum, corn, pepper, onion	463.12	27	Combo
FoodC_MEXL9	yogurt, milk, oregano, tomato	396.25	14	Dessert
FoodC_0QDH1	butter, milk, chicken, cream	439.9	26	Combo
FoodC_K4WKO	cheese, cream, corn, garlic	1082.98	21	Combo
FoodC_Y594A	flour, rice, fish, egg	230.11	41	Non-Veg
FoodC_4P5C4	basil, capsicum, egg, potato	356.69	35	Beverage
FoodC_1N0QR	broccoli, oregano, garlic, beef	1136.72	32	Non-Veg
FoodC_7BQYZ	pepper, capsicum, broccoli, paneer	366.32	5	Starter
FoodC_GVFW9	flour, yogurt, butter, paneer	465.66	36	Non-Veg
FoodC_V78WL	paneer, mushroom, capsicum, basil	151.17	8	Combo
FoodC_5JEVH	flour, butter, tomato, basil	198.34	14	Dessert
FoodC_2JBFO	spinach, basil, corn, mushroom	854.17	32	Beverage
FoodC_KK4GU	chicken, flour, carrot, milk	123.69	21	Starter
FoodC_DRQCB	fish, noodles, potato, basil	434.6	35	Beverage
FoodC_3MLXL	rice, carrot, cheese, potato	385.59	30	Dessert
FoodC_UC7OM	lentils, paneer, carrot, pepper	468.93	19	Dessert
FoodC_93RI1	chicken, rice, yogurt, garlic	1101.67	9	Starter
FoodC_ZNYWC	spinach, mushroom, noodles, rice	227.57	23	Dessert
FoodC_Q7BGC	basil, butter, lentils, spinach	1194.82	30	Starter
FoodC_2U7S8	butter, carrot, pepper, mushroom	449.74	5	Starter
FoodC_95NA3	spinach, pepper, chicken, garlic	685.65	20	Main Course
FoodC_MNXHE	rice, flour, carrot, paneer	245.4	43	Dessert
FoodC_FWRZ0	milk, butter, egg, fish	1055.78	16	Main Course
FoodC_4S6L7	pepper, garlic, capsicum, beef	482.84	25	Veg
FoodC_VWV6P	pepper, capsicum, egg, carrot	434.36	16	Veg
FoodC_FK4PN	corn, yogurt, paneer, carrot	308.74	19	Non-Veg
FoodC_2EJ4M	lentils, basil, oregano, capsicum	746.77	31	Combo
FoodC_RDTEO	noodles, cream, oregano, broccoli	378.06	6	Combo
FoodC_V29DA	corn, lentils, onion, cream	916.17	24	Main Course
FoodC_3EAAT	corn, fish, basil, butter	309.18	27	Starter
FoodC_0SY44	rice, yogurt, beef, onion	903.25	13	Main Course
FoodC_SW5LW	carrot, mushroom, milk, chicken	737.77	45	Starter
FoodC_7GGYR	basil, garlic, corn, mushroom	575.05	37	Dessert
FoodC_XDUB6	rice, garlic, beef, potato	895.84	31	Dessert
FoodC_4KHSX	oregano, onion, yogurt, rice	1149.02	22	Starter
FoodC_AKGQI	lentils, basil, beef, mushroom	740.49	37	Dessert
FoodC_15E4Y	egg, beef, capsicum, spinach	127.36	5	Beverage
FoodC_1WC52	paneer, capsicum, noodles, oregano	711.39	20	Combo
FoodC_CG0ID	broccoli, butter, pepper, noodles	732.81	38	Combo
FoodC_A10LF	lentils, broccoli, noodles, beef	597.82	17	Main Course
FoodC_SSJYI	garlic, milk, spinach, carrot	394.31	24	Dessert
FoodC_2LKPW	milk, basil, chicken, butter	503.48	16	Veg
FoodC_EJMEE	spinach, oregano, carrot, chicken	771.98	22	Non-Veg
FoodC_7URCZ	noodles, garlic, capsicum, egg	154.68	5	Starter
FoodC_X6WXJ	flour, noodles, egg, tomato	969.37	11	Starter
FoodC_9D80N	oregano, pepper, butter, noodles	449.09	27	Non-Veg
FoodC_ZWK7P	rice, fish, lentils, garlic	831.38	18	Beverage
FoodC_Y6NDU	cheese, oregano, flour, carrot	1014.87	44	Combo
FoodC_RHBV4	egg, lentils, rice, corn	777.83	19	Starter
FoodC_M414H	pepper, potato, butter, garlic	787.52	30	Non-Veg
FoodC_VR55X	pepper, fish, oregano, cheese	440.45	35	Beverage
FoodC_2MSF1	beef, lentils, cheese, potato	418.63	21	Veg
FoodC_TMNXN	pepper, flour, fish, yogurt	1147.69	18	Main Course
FoodC_EA72S	cream, basil, butter, lentils	183.28	6	Non-Veg
FoodC_7XM26	lentils, cheese, fish, potato	342.17	40	Dessert
FoodC_EDCAT	paneer, cream, cheese, onion	557.01	33	Dessert
FoodC_F6O2I	tomato, capsicum, oregano, basil	604.62	40	Veg
FoodC_E1CL5	milk, cream, spinach, tomato	396.25	12	Dessert
FoodC_L8PUL	chicken, potato, butter, broccoli	534.66	37	Dessert
FoodC_X2WNK	paneer, noodles, spinach, cheese	292.06	18	Combo
FoodC_3T4DA	oregano, yogurt, potato, cheese	253.25	29	Combo
FoodC_TZRKC	cheese, capsicum, rice, egg	452.15	6	Veg
FoodC_DTWE0	chicken, corn, milk, lentils	103.1	39	Main Course
FoodC_073O4	corn, onion, beef, oregano	755.22	36	Veg
FoodC_48958	cheese, basil, pepper, rice	210.68	12	Main Course
FoodC_VPHCG	oregano, garlic, mushroom, flour	698.39	21	Non-Veg
FoodC_EJT34	beef, lentils, capsicum, mushroom	851.95	18	Dessert
FoodC_KW9ZD	pepper, fish, flour, lentils	424.41	22	Starter
FoodC_4ML6B	broccoli, flour, onion, potato	507.01	21	Dessert
FoodC_ILB6Y	noodles, milk, capsicum, potato	1174.96	17	Main Course
FoodC_WUDVF	rice, onion, carrot, noodles	785.3	23	Main Course
FoodC_QXCPV	flour, onion, pepper, milk	290.37	45	Beverage
FoodC_GLZ5P	yogurt, garlic, onion, basil	285.23	42	Beverage
FoodC_7B2CB	milk, potato, lentils, egg	903.97	5	Dessert
FoodC_AUZ3O	yogurt, broccoli, pepper, spinach	294.02	26	Main Course
FoodC_YLQJ3	potato, yogurt, beef, fish	508.17	30	Veg
FoodC_SNHT0	cream, spinach, rice, mushroom	973.45	13	Dessert
FoodC_LBA3D	mushroom, potato, cheese, egg	1102.04	33	Starter
FoodC_KGTOU	tomato, garlic, rice, chicken	1020.25	44	Dessert
FoodC_BE1OX	pepper, tomato, butter, yogurt	623.35	9	Non-Veg
FoodC_EXY5D	rice, chicken, paneer, tomato	719.85	13	Non-Veg
FoodC_COJYU	butter, cream, onion, oregano	718.16	31	Main Course
FoodC_Y3KAT	beef, pepper, chicken, capsicum	296.32	10	Dessert
FoodC_QIR55	fish, capsicum, egg, mushroom	316.55	20	Starter
FoodC_WDHDJ	egg, noodles, chicken, capsicum	490.13	44	Main Course
FoodC_M5915	pepper, spinach, yogurt, egg	1188.59	13	Dessert
FoodC_ZK21J	onion, beef, potato, noodles	445.25	17	Combo
FoodC_3H4VI	beef, broccoli, tomato, butter	444.83	33	Main Course
FoodC_CJDKM	onion, chicken, tomato, pepper	397.27	19	Veg
FoodC_OKHU6	chicken, flour, cheese, tomato	947.39	11	Starter
FoodC_TR9MV	paneer, rice, broccoli, tomato	844.73	36	Main Course
FoodC_VHPEK	noodles, basil, fish, beef	378.12	8	Beverage
FoodC_DW341	noodles, chicken, mushroom, oregano	1131.53	42	Starter
FoodC_E0UF4	rice, carrot, egg, basil	896.69	45	Combo
FoodC_N65RR	fish, egg, pepper, noodles	711.54	34	Combo
FoodC_1J36H	cream, carrot, paneer, butter	536.11	20	Starter
FoodC_FL3YT	mushroom, beef, flour, lentils	1061.34	40	Starter
FoodC_FLDJ6	yogurt, paneer, mushroom, milk	905.8	10	Veg
FoodC_U97CQ	beef, garlic, rice, cheese	374.91	25	Combo
FoodC_9SY8Y	beef, yogurt, broccoli, chicken	1126.14	15	Non-Veg
FoodC_CH11D	tomato, garlic, butter, mushroom	648.4	43	Starter
FoodC_I4QRK	milk, cheese, basil, broccoli	1025.22	33	Main Course
FoodC_PJVGJ	egg, cream, milk, flour	418.08	19	Beverage
FoodC_KWM62	capsicum, potato, rice, pepper	243.37	45	Non-Veg
FoodC_N49MT	lentils, cheese, capsicum, mushroom	745.66	24	Beverage
FoodC_8CD9X	egg, chicken, fish, flour	137.07	40	Main Course
FoodC_LWOKF	onion, carrot, butter, milk	997.41	43	Non-Veg
FoodC_SIPFG	cream, milk, chicken, onion	631.79	35	Dessert
FoodC_17U6G	flour, onion, cream, tomato	853.75	18	Veg
FoodC_15L44	butter, noodles, carrot, yogurt	1105.53	31	Veg
FoodC_6CD9D	beef, carrot, capsicum, onion	143.82	38	Veg
FoodC_QFKX3	basil, fish, broccoli, yogurt	1120.91	7	Main Course
FoodC_IKRIE	oregano, yogurt, capsicum, egg	921.8	39	Non-Veg
FoodC_NZWOA	garlic, potato, chicken, paneer	724.34	30	Non-Veg
FoodC_0TD6A	basil, rice, beef, broccoli	685.2	24	Beverage
FoodC_W83MM	lentils, tomato, carrot, yogurt	904.61	32	Non-Veg
FoodC_GZ9W2	cream, yogurt, butter, noodles	144.49	30	Non-Veg
FoodC_DWOAF	noodles, spinach, lentils, corn	622.73	34	Main Course
FoodC_XBBES	broccoli, basil, corn, potato	1069.05	22	Dessert
FoodC_MMJ4T	fish, corn, chicken, yogurt	1148.87	7	Starter
FoodC_E1LHX	mushroom, basil, corn, fish	628.36	40	Combo
FoodC_2AV1W	potato, yogurt, chicken, rice	904.81	40	Main Course
FoodC_CQQGV	carrot, onion, fish, beef	601.08	8	Combo
FoodC_DKO5O	oregano, spinach, cheese, potato	318.6	44	Combo
FoodC_J5GEY	basil, yogurt, garlic, noodles	1184.74	21	Beverage
FoodC_N419I	egg, butter, basil, spinach	459.27	39	Beverage
FoodC_I4NFB	basil, oregano, yogurt, fish	589.35	20	Veg
FoodC_65KC1	onion, rice, carrot, fish	126.1	33	Starter
FoodC_5U66P	lentils, tomato, corn, butter	1124.53	30	Main Course
FoodC_H4OXF	butter, flour, onion, tomato	132.34	45	Veg
FoodC_WD97D	egg, paneer, potato, chicken	103.5	33	Starter
FoodC_FXV49	cheese, spinach, capsicum, garlic	1101.74	34	Veg
FoodC_B9TS2	fish, beef, cheese, mushroom	1018.37	36	Dessert
FoodC_RGGN5	milk, yogurt, noodles, cheese	975.5	41	Starter
FoodC_9Q2GM	garlic, tomato, fish, cheese	736.42	31	Beverage
FoodC_TH5FG	beef, pepper, rice, basil	356.83	20	Combo
FoodC_CK8BS	milk, egg, spinach, chicken	1186	30	Beverage
FoodC_GF29B	broccoli, basil, oregano, cheese	632.9	28	Starter
FoodC_4SVX8	basil, flour, rice, butter	983.2	6	Dessert
FoodC_C2075	flour, rice, butter, yogurt	714.54	37	Beverage
FoodC_SFDO7	broccoli, capsicum, egg, tomato	371.96	24	Beverage
FoodC_J6LIB	onion, flour, egg, beef	351.96	31	Veg
FoodC_AEYON	flour, butter, basil, fish	533.99	30	Main Course
FoodC_XISVJ	tomato, rice, broccoli, paneer	408.1	28	Main Course
FoodC_VY9TA	noodles, potato, egg, milk	134.06	8	Combo
FoodC_RBXZ1	milk, broccoli, fish, basil	1052.44	38	Beverage
FoodC_G4A25	oregano, onion, spinach, broccoli	682.69	5	Combo
FoodC_T3GQR	capsicum, milk, yogurt, pepper	152.92	11	Starter
FoodC_3AGF4	milk, oregano, butter, chicken	573.69	37	Dessert
FoodC_N6DII	onion, fish, egg, butter	1130.02	28	Veg
FoodC_THDKO	garlic, spinach, yogurt, butter	831.6	18	Beverage
FoodC_HSXM2	yogurt, carrot, beef, cheese	446.68	27	Combo
FoodC_786TI	basil, noodles, rice, oregano	980.24	6	Non-Veg
FoodC_R2NUM	lentils, flour, tomato, cream	703.38	9	Veg
FoodC_8Y185	paneer, cheese, basil, fish	158.24	5	Non-Veg
FoodC_Z121C	carrot, corn, cheese, cream	1125.6	43	Non-Veg
FoodC_338ZP	pepper, capsicum, corn, mushroom	411.15	9	Veg
FoodC_G3T2R	fish, paneer, yogurt, noodles	465.63	30	Dessert
FoodC_PL31M	onion, corn, cream, carrot	1013.15	34	Beverage
FoodC_48M6V	lentils, mushroom, chicken, yogurt	787.91	19	Beverage
FoodC_3LQI1	egg, onion, chicken, butter	735.99	26	Combo
FoodC_KMSYW	flour, rice, potato, chicken	450.46	8	Non-Veg
FoodC_QO5YG	corn, lentils, carrot, milk	1104.28	5	Non-Veg
FoodC_JW2R8	tomato, corn, carrot, chicken	888.34	13	Starter
FoodC_EUC6R	milk, carrot, garlic, potato	231.65	13	Non-Veg
FoodC_9U21M	lentils, noodles, cream, cheese	1024.51	19	Combo
FoodC_1JJKU	garlic, pepper, cheese, noodles	1118.29	30	Dessert
FoodC_HTILK	mushroom, noodles, corn, rice	835.33	5	Starter
FoodC_PI7O7	butter, spinach, fish, cheese	490.2	33	Veg
FoodC_ZG4WO	mushroom, capsicum, lentils, paneer	315.43	28	Beverage
FoodC_XAZGR	carrot, oregano, pepper, lentils	254.83	33	Combo
FoodC_Q137F	milk, basil, pepper, lentils	774.7	14	Beverage
FoodC_SL8E5	cream, broccoli, noodles, basil	1094.9	21	Beverage
FoodC_O2XYP	paneer, garlic, tomato, corn	263.83	15	Starter
FoodC_CZN2H	noodles, broccoli, paneer, corn	846.04	20	Combo
FoodC_J9HVY	egg, rice, cream, garlic	472.64	41	Dessert
FoodC_AVDHF	noodles, cream, yogurt, lentils	725.19	9	Combo
FoodC_W3B1G	flour, butter, pepper, potato	424.33	21	Starter
FoodC_U3A3H	basil, oregano, milk, cheese	341.43	41	Dessert
FoodC_4BG3Y	rice, basil, capsicum, paneer	387.4	28	Non-Veg
FoodC_BNBGJ	beef, rice, spinach, oregano	579.89	20	Starter
FoodC_A2K0H	corn, mushroom, cream, tomato	320.53	5	Veg
FoodC_06Q2F	spinach, cheese, pepper, chicken	1137.89	6	Veg
FoodC_YQPPW	lentils, broccoli, egg, rice	1125.75	14	Starter
FoodC_2BUZS	garlic, basil, chicken, carrot	1187.47	18	Non-Veg
FoodC_9VQ0W	basil, pepper, chicken, oregano	657.94	24	Starter
FoodC_UB57L	butter, milk, noodles, oregano	794.99	31	Veg
FoodC_ODB9F	rice, corn, pepper, flour	420.86	9	Non-Veg
FoodC_KXDEW	butter, paneer, potato, spinach	783.22	42	Dessert
FoodC_TX021	lentils, beef, chicken, noodles	234.73	10	Veg
FoodC_ITWLW	capsicum, egg, cream, cheese	609.44	40	Combo
FoodC_JFJFK	capsicum, cream, spinach, carrot	461.32	20	Main Course
FoodC_ATBE7	capsicum, spinach, milk, potato	1028.1	42	Dessert
FoodC_OEO18	noodles, broccoli, pepper, chicken	872.08	8	Non-Veg
FoodC_UW934	pepper, lentils, butter, potato	1148.29	19	Dessert
FoodC_TNRVV	flour, noodles, milk, paneer	511.46	43	Dessert
FoodC_NB7BO	pepper, rice, oregano, corn	1100.7	33	Beverage
FoodC_W4AM5	milk, rice, pepper, chicken	235.76	40	Dessert
FoodC_HV1GP	spinach, tomato, milk, carrot	913.36	19	Veg
FoodC_KRM3G	butter, milk, garlic, cheese	841.89	9	Dessert
FoodC_JM2UV	rice, spinach, carrot, cheese	783.34	5	Main Course
FoodC_DL0BL	oregano, fish, paneer, butter	982.19	32	Dessert
FoodC_GT13Z	mushroom, pepper, tomato, flour	528.91	5	Starter
FoodC_U7ISC	milk, garlic, broccoli, carrot	896.69	12	Starter
FoodC_E0OFK	capsicum, cheese, mushroom, oregano	1182.54	16	Main Course
FoodC_L1NUK	garlic, capsicum, spinach, flour	1149.53	23	Veg
FoodC_3LL0I	milk, noodles, fish, cream	1004.08	18	Dessert
FoodC_5YQ5G	garlic, noodles, flour, egg	1180.93	17	Combo
FoodC_F8S0M	egg, tomato, milk, corn	805.43	9	Main Course
FoodC_LXDGT	basil, chicken, mushroom, butter	181.25	33	Veg
FoodC_AW2FJ	noodles, basil, cheese, carrot	836.22	9	Dessert
FoodC_5WB0G	milk, pepper, onion, basil	281.27	17	Non-Veg
FoodC_N7YYT	milk, basil, pepper, yogurt	805.1	16	Combo
FoodC_91KJF	fish, tomato, onion, beef	1040.56	42	Starter
FoodC_NZ9EC	noodles, basil, spinach, yogurt	1134.44	41	Veg
FoodC_9UMRC	cheese, noodles, capsicum, butter	478.66	42	Beverage
FoodC_78NML	cream, paneer, pepper, beef	1049.55	38	Beverage
FoodC_GLOEA	beef, potato, tomato, chicken	1076.14	26	Main Course
FoodC_F7PF7	butter, beef, noodles, milk	1108.99	20	Main Course
FoodC_2HDXJ	fish, rice, potato, milk	1119.16	35	Dessert
FoodC_MN6O0	garlic, onion, milk, rice	383.8	22	Veg
FoodC_1CYK3	spinach, butter, egg, oregano	115.44	23	Veg
FoodC_3PAM9	spinach, rice, paneer, milk	858.27	18	Combo
FoodC_N7YXH	corn, beef, oregano, capsicum	427.03	11	Starter
FoodC_WXPKR	capsicum, oregano, rice, mushroom	1188.95	13	Combo
FoodC_BGAWL	broccoli, oregano, noodles, chicken	968.7	42	Beverage
FoodC_U41B3	basil, capsicum, pepper, garlic	1073.51	41	Beverage
FoodC_JRKGY	onion, oregano, mushroom, capsicum	688.6	7	Combo
FoodC_U8XOR	milk, garlic, carrot, onion	142.1	33	Combo
FoodC_TZA3K	corn, chicken, paneer, fish	618.93	38	Main Course
FoodC_5R7XL	cheese, mushroom, lentils, beef	166.17	45	Starter
FoodC_N7YBG	tomato, spinach, cheese, noodles	1189.27	10	Combo
FoodC_R88C9	capsicum, broccoli, oregano, cream	655.33	16	Veg
FoodC_UVHTU	egg, rice, paneer, beef	141.57	34	Main Course
FoodC_7J47D	fish, capsicum, spinach, rice	567.62	15	Main Course
FoodC_110IX	chicken, cheese, butter, corn	166.15	7	Veg
FoodC_MU83B	corn, carrot, rice, paneer	700.64	45	Dessert
FoodC_GKU9W	paneer, garlic, fish, rice	901.95	15	Dessert
FoodC_MBRGI	fish, pepper, spinach, cream	225.18	38	Main Course
FoodC_LZ9VK	chicken, pepper, egg, fish	160.51	31	Main Course
FoodC_734S6	butter, chicken, garlic, noodles	244.68	23	Starter
FoodC_F4T63	milk, chicken, paneer, carrot	415.47	34	Non-Veg
FoodC_C0A7G	potato, fish, butter, garlic	672.83	18	Non-Veg
FoodC_SCVGN	yogurt, egg, capsicum, fish	129.75	29	Beverage
FoodC_YON6U	potato, paneer, garlic, milk	1047.84	15	Beverage
FoodC_9PIXU	cheese, rice, mushroom, tomato	1157.41	39	Dessert
FoodC_BKAZO	carrot, fish, butter, tomato	608.27	16	Main Course
FoodC_QBZCC	basil, egg, yogurt, noodles	546.24	42	Non-Veg
FoodC_JWJWK	beef, potato, basil, garlic	828.49	9	Dessert
FoodC_8WKBK	yogurt, lentils, basil, onion	970.84	22	Starter
FoodC_MH37T	tomato, broccoli, lentils, milk	406.76	6	Main Course
FoodC_7XBNN	garlic, chicken, fish, capsicum	478.34	33	Starter
FoodC_6T91B	broccoli, chicken, potato, tomato	187.56	31	Veg
FoodC_WVW8M	broccoli, yogurt, onion, cream	959.16	5	Veg
FoodC_9YXHK	cheese, yogurt, broccoli, noodles	375.42	11	Dessert
FoodC_LE5OY	capsicum, cream, egg, mushroom	929.11	18	Starter
FoodC_1IC1Q	paneer, yogurt, tomato, lentils	1064.38	35	Beverage
FoodC_94IZV	cheese, onion, butter, milk	104.88	17	Main Course
FoodC_JTPBK	mushroom, cheese, paneer, tomato	690.46	33	Main Course
FoodC_22300	corn, lentils, broccoli, rice	953.77	23	Dessert
FoodC_ZL5YY	tomato, noodles, potato, yogurt	444.45	31	Dessert
FoodC_6K80G	yogurt, oregano, butter, noodles	1162.97	40	Dessert
FoodC_R54RE	pepper, mushroom, broccoli, potato	702.26	37	Starter
FoodC_IEPSN	broccoli, carrot, capsicum, mushroom	950.89	40	Beverage
FoodC_ACCHM	basil, tomato, yogurt, oregano	706.69	15	Beverage
FoodC_8QLD8	potato, broccoli, oregano, fish	1063.82	16	Main Course
FoodC_6RYZV	fish, carrot, cream, potato	271.21	11	Beverage
FoodC_LRHTY	yogurt, pepper, capsicum, chicken	312.41	18	Dessert
FoodC_GNCTO	milk, basil, garlic, paneer	260.9	8	Starter
FoodC_LV38N	noodles, butter, rice, cream	821.57	13	Non-Veg
FoodC_HGLFD	fish, potato, oregano, mushroom	184.92	35	Starter
FoodC_Q6JZP	rice, capsicum, yogurt, lentils	746.7	37	Beverage
FoodC_39ZOI	egg, oregano, milk, onion	881.14	25	Main Course
FoodC_CCS3I	potato, chicken, tomato, noodles	263.03	11	Main Course
FoodC_VMLBW	cheese, garlic, chicken, spinach	634.91	24	Main Course
FoodC_RF6B9	oregano, potato, capsicum, chicken	179.87	33	Combo
FoodC_9IOUN	cream, spinach, basil, egg	1149.89	16	Veg
FoodC_6J485	rice, cheese, flour, fish	841.23	16	Beverage
FoodC_A19ZZ	butter, oregano, basil, onion	601.61	18	Non-Veg
FoodC_NQ4JW	corn, fish, broccoli, capsicum	402.92	45	Main Course
FoodC_8VK8W	potato, chicken, fish, tomato	917.09	5	Dessert
FoodC_H08IP	fish, yogurt, cheese, cream	633.62	13	Main Course
FoodC_FYICA	noodles, mushroom, broccoli, basil	114.13	40	Dessert
FoodC_GESTU	egg, butter, paneer, capsicum	686.31	44	Beverage
FoodC_4AFXV	milk, yogurt, carrot, chicken	735.21	13	Starter
FoodC_8I8XY	paneer, garlic, chicken, egg	536.53	23	Veg
FoodC_WFXH7	butter, potato, mushroom, pepper	643.38	29	Non-Veg
FoodC_2MWH1	beef, garlic, potato, carrot	394.78	7	Starter
FoodC_CWTEJ	lentils, flour, corn, milk	405.51	24	Main Course
FoodC_DK7WY	potato, flour, cheese, paneer	476.76	34	Dessert
FoodC_4TUG9	egg, butter, potato, beef	305.18	25	Dessert
FoodC_IOJXD	tomato, butter, spinach, fish	1057.65	30	Main Course
FoodC_KZK6U	oregano, paneer, lentils, broccoli	1081.06	44	Main Course
FoodC_FYNTS	pepper, paneer, potato, mushroom	377.18	8	Dessert
FoodC_RANVA	cream, capsicum, pepper, onion	159.49	44	Non-Veg
FoodC_632C7	paneer, cheese, fish, lentils	906.6	41	Dessert
FoodC_Z7DIE	mushroom, corn, basil, broccoli	783.7	39	Veg
FoodC_YL2XW	butter, rice, noodles, egg	1066.99	25	Main Course
FoodC_TANJF	spinach, cream, onion, paneer	935.06	10	Non-Veg
FoodC_XH2HS	noodles, egg, pepper, rice	225.21	14	Veg
FoodC_9F9CF	oregano, fish, mushroom, broccoli	298.08	22	Beverage
FoodC_2RM9Q	beef, butter, egg, onion	757.6	37	Non-Veg
FoodC_TES2W	yogurt, tomato, lentils, paneer	1144.03	28	Non-Veg
FoodC_L19WM	beef, basil, cheese, yogurt	532.54	25	Veg
FoodC_NT4UK	onion, broccoli, beef, oregano	885.86	45	Combo
FoodC_7H7KP	chicken, corn, flour, pepper	157.02	7	Dessert
FoodC_G6GST	tomato, flour, noodles, milk	771.08	16	Starter
FoodC_F6DYM	butter, cream, carrot, tomato	671.56	27	Veg
FoodC_RAENV	basil, broccoli, cream, beef	699.25	37	Veg
FoodC_FKKNJ	broccoli, noodles, yogurt, oregano	823.46	14	Combo
FoodC_4D71F	yogurt, noodles, fish, flour	916.49	38	Veg
FoodC_0UF76	mushroom, potato, fish, rice	144.27	13	Combo
FoodC_M16LL	noodles, fish, spinach, butter	545.92	11	Beverage
FoodC_Y9IN6	butter, fish, cheese, mushroom	247.45	26	Beverage
FoodC_CCMMH	beef, basil, butter, lentils	1112.96	30	Beverage
FoodC_150S5	yogurt, fish, chicken, cream	549.32	36	Combo
FoodC_NKPXL	yogurt, butter, capsicum, spinach	138.34	25	Dessert
FoodC_KP7M8	potato, garlic, mushroom, noodles	572.46	15	Main Course
FoodC_334Y9	mushroom, noodles, carrot, fish	1104.07	27	Veg
FoodC_E1PYY	paneer, chicken, basil, carrot	203.26	15	Combo
FoodC_BKZ96	potato, corn, beef, cream	109.37	35	Beverage
FoodC_KVP7C	fish, tomato, cheese, capsicum	1147.54	16	Beverage
FoodC_EWAZ3	rice, onion, capsicum, lentils	276.45	5	Combo
FoodC_F49UP	potato, garlic, broccoli, mushroom	762.44	20	Starter
FoodC_C05KF	yogurt, garlic, onion, corn	923.02	27	Veg
FoodC_NEDXQ	garlic, pepper, beef, flour	1151.68	34	Beverage
FoodC_ZAI0J	rice, flour, milk, tomato	968.49	23	Dessert
FoodC_7Z7S2	milk, cheese, mushroom, onion	845.62	34	Dessert
FoodC_29U3J	cream, yogurt, onion, flour	444.85	14	Starter
FoodC_QSR0B	lentils, onion, egg, paneer	170.17	23	Non-Veg
FoodC_6NNDL	cheese, egg, potato, oregano	281.61	24	Starter
FoodC_OLH53	butter, rice, chicken, garlic	358.93	42	Veg
FoodC_JQUJA	potato, tomato, mushroom, noodles	218.97	13	Veg
FoodC_UAYQ2	spinach, potato, chicken, carrot	338.76	42	Veg
FoodC_Q7PW8	noodles, milk, tomato, carrot	1071.07	24	Combo
FoodC_R7QDV	oregano, rice, fish, yogurt	353.13	43	Non-Veg
FoodC_K75LJ	basil, yogurt, milk, pepper	1114.73	5	Main Course
FoodC_TV08P	paneer, capsicum, garlic, egg	992.7	22	Non-Veg
FoodC_3PX5B	lentils, garlic, flour, potato	177.35	16	Combo
FoodC_IER7A	capsicum, lentils, cream, broccoli	932.33	11	Starter
FoodC_AXD1U	lentils, pepper, cream, fish	832.62	5	Main Course
FoodC_4L9ZP	onion, garlic, basil, potato	719.12	9	Non-Veg
FoodC_SEJ0G	potato, milk, mushroom, butter	437.07	35	Veg
FoodC_YURPU	spinach, cream, corn, fish	476.07	25	Starter
FoodC_7XR1D	butter, pepper, garlic, noodles	388.94	8	Main Course
FoodC_5ZBRG	pepper, onion, mushroom, milk	675.13	8	Veg
FoodC_D1TKV	chicken, mushroom, yogurt, tomato	203.75	42	Veg
FoodC_BKRFB	beef, yogurt, carrot, garlic	797.27	43	Combo
FoodC_YUXH6	pepper, spinach, yogurt, garlic	486.22	38	Combo
FoodC_XN5LB	paneer, rice, tomato, flour	1056.28	15	Main Course
FoodC_B2TSA	paneer, capsicum, broccoli, yogurt	1094.05	19	Combo
FoodC_5U72W	egg, paneer, rice, corn	568.94	32	Veg
FoodC_3B8HE	rice, mushroom, chicken, cream	841.56	27	Combo
FoodC_L4LP9	lentils, mushroom, milk, spinach	451.22	21	Combo
FoodC_5VADE	broccoli, butter, paneer, spinach	140.63	15	Combo
FoodC_3G6UZ	yogurt, milk, butter, basil	859.63	29	Beverage
FoodC_9NMA3	carrot, butter, cheese, corn	193.69	17	Non-Veg
FoodC_6TL4W	yogurt, onion, basil, oregano	732.36	34	Non-Veg
FoodC_OCH50	rice, egg, pepper, milk	488.96	15	Combo
FoodC_PZHF6	milk, pepper, mushroom, beef	925.73	37	Dessert
FoodC_ZS60I	yogurt, egg, cheese, pepper	525.99	36	Main Course
FoodC_0AMU1	pepper, yogurt, paneer, garlic	1111.74	5	Main Course
FoodC_1OV0S	rice, butter, cheese, oregano	176.95	19	Starter
FoodC_7KEA2	paneer, cream, corn, chicken	1033.62	23	Dessert
FoodC_HNIOH	chicken, tomato, yogurt, potato	398.8	43	Non-Veg
FoodC_V2V0L	egg, spinach, cheese, milk	882.24	28	Non-Veg
FoodC_K9C37	spinach, mushroom, oregano, yogurt	776.7	13	Beverage
FoodC_R6RI7	flour, capsicum, chicken, basil	386.34	38	Starter
FoodC_0KDFG	chicken, flour, noodles, yogurt	245.35	30	Combo
FoodC_PAX7P	oregano, cheese, cream, mushroom	1020.2	40	Starter
FoodC_WG0PU	mushroom, pepper, onion, carrot	549.94	9	Non-Veg
FoodC_K8CIH	broccoli, yogurt, egg, carrot	281.23	31	Veg
FoodC_2A93U	fish, oregano, tomato, broccoli	1139.31	42	Beverage
FoodC_QC52E	spinach, egg, fish, tomato	954.02	34	Combo
FoodC_PM7FW	broccoli, egg, corn, lentils	399.95	29	Beverage
FoodC_3G09U	oregano, lentils, flour, spinach	544.35	8	Main Course
FoodC_PFQ2D	fish, chicken, oregano, pepper	1059.51	14	Non-Veg
FoodC_CRPJ5	capsicum, chicken, garlic, flour	744.34	39	Non-Veg
FoodC_LP4B3	oregano, potato, cheese, mushroom	242.67	39	Dessert
FoodC_GI1YY	onion, yogurt, cheese, oregano	569.18	11	Veg
FoodC_BQDJX	fish, carrot, lentils, beef	979.52	27	Combo
FoodC_THEB0	onion, corn, carrot, chicken	944.85	9	Combo
FoodC_9V1KJ	garlic, butter, lentils, cream	596.88	43	Non-Veg
FoodC_B3I0O	carrot, beef, garlic, noodles	406.72	22	Beverage
FoodC_6OTH2	chicken, garlic, spinach, basil	1091.5	10	Veg
FoodC_S7NLV	lentils, onion, butter, cheese	894.8	39	Beverage
FoodC_O8C1T	garlic, beef, noodles, potato	868.45	17	Veg
FoodC_G83Z1	corn, garlic, mushroom, tomato	336.89	24	Main Course
FoodC_EWO8P	tomato, chicken, paneer, capsicum	196.51	24	Main Course
FoodC_HZST1	cream, beef, paneer, basil	810.44	17	Veg
FoodC_LMF1B	paneer, corn, tomato, chicken	106.79	9	Dessert
FoodC_TH5AG	garlic, lentils, potato, beef	507.61	28	Veg
FoodC_5HVPX	rice, oregano, chicken, fish	121.19	42	Combo
FoodC_K84HK	spinach, fish, butter, rice	630.66	41	Main Course
FoodC_PGPOY	carrot, egg, corn, basil	386.46	40	Beverage
FoodC_X6ALC	yogurt, lentils, paneer, potato	497.36	6	Non-Veg
FoodC_WCLBM	butter, paneer, capsicum, noodles	1009.26	45	Dessert
FoodC_MSWIE	rice, spinach, garlic, flour	177.02	5	Main Course
FoodC_JXARS	noodles, basil, paneer, beef	474.91	45	Dessert
FoodC_W2P8E	spinach, lentils, broccoli, milk	178.16	45	Non-Veg
FoodC_1H4ZB	oregano, mushroom, tomato, garlic	1028.11	6	Dessert
FoodC_ZQISN	cream, mushroom, pepper, lentils	911.78	7	Veg
FoodC_21BXB	garlic, egg, basil, cheese	611.21	32	Dessert
FoodC_1SJOK	egg, carrot, lentils, broccoli	583.29	41	Dessert
FoodC_2NP8T	cheese, lentils, chicken, corn	901.59	10	Dessert
FoodC_5CETL	garlic, chicken, spinach, tomato	268.11	28	Combo
FoodC_MM78B	tomato, spinach, oregano, broccoli	547.21	6	Main Course
FoodC_C1CIL	capsicum, potato, spinach, yogurt	270.81	7	Main Course
FoodC_JDSB1	carrot, fish, spinach, cheese	1108.84	10	Non-Veg
FoodC_EY8OT	tomato, lentils, potato, rice	902.55	36	Non-Veg
FoodC_FNVWD	capsicum, tomato, onion, egg	884.62	15	Beverage
FoodC_TI8OH	paneer, garlic, rice, broccoli	503.31	16	Main Course
FoodC_1QGIM	milk, fish, basil, rice	128.87	7	Main Course
FoodC_G5PG0	yogurt, spinach, corn, garlic	422.71	5	Beverage
FoodC_D9662	lentils, chicken, onion, garlic	1120.05	16	Beverage
FoodC_1MC1B	carrot, garlic, oregano, butter	336.09	37	Main Course
FoodC_RYD06	beef, paneer, potato, onion	702.19	17	Dessert
FoodC_03W8O	tomato, spinach, beef, paneer	1139.09	6	Dessert
FoodC_TC91V	milk, chicken, garlic, basil	863.55	36	Veg
FoodC_T9HNG	spinach, cheese, mushroom, carrot	116.49	34	Dessert
FoodC_JLSCS	beef, flour, potato, rice	447.87	9	Non-Veg
FoodC_VOWOA	broccoli, yogurt, chicken, mushroom	973.33	37	Combo
FoodC_HSW9G	fish, beef, egg, lentils	771.79	15	Non-Veg
FoodC_C1XFQ	fish, yogurt, corn, carrot	793.94	10	Veg
FoodC_58JPW	chicken, lentils, paneer, fish	164.07	39	Main Course
FoodC_LLH97	carrot, beef, flour, capsicum	344.43	31	Starter
FoodC_FZS2P	garlic, butter, spinach, broccoli	565.02	38	Starter
FoodC_VD19F	pepper, potato, broccoli, oregano	347.54	10	Starter
FoodC_DYQ3W	spinach, lentils, cream, yogurt	1076.55	27	Veg
FoodC_RE8AT	spinach, egg, basil, butter	622.44	14	Dessert
FoodC_Q1940	paneer, butter, potato, flour	486.29	39	Combo
FoodC_LSKKX	flour, chicken, corn, pepper	1015.77	16	Veg
FoodC_7HQ2C	corn, oregano, carrot, broccoli	465.7	18	Main Course
FoodC_PI0NK	yogurt, beef, basil, flour	168.74	13	Dessert
FoodC_3PUB6	butter, paneer, cream, potato	343.11	20	Veg
FoodC_75H02	carrot, lentils, onion, garlic	231.41	18	Veg
FoodC_H3O7G	noodles, garlic, mushroom, butter	851.8	19	Beverage
FoodC_VJXCI	beef, egg, chicken, basil	668.4	15	Dessert
FoodC_BOWI1	garlic, mushroom, noodles, lentils	569.1	33	Starter
FoodC_WSAIX	noodles, rice, pepper, chicken	1098.85	7	Beverage
FoodC_UCAX6	capsicum, noodles, potato, paneer	145.22	8	Main Course
FoodC_33ELJ	corn, potato, cream, egg	1172.55	7	Non-Veg
FoodC_9YAYL	fish, basil, carrot, pepper	685.76	29	Dessert
FoodC_GVP57	basil, spinach, potato, flour	367.08	38	Main Course
FoodC_XMOT3	lentils, egg, paneer, beef	864.19	14	Beverage
FoodC_BG7W4	spinach, milk, paneer, yogurt	768.18	25	Beverage
FoodC_VXSFV	cream, potato, egg, paneer	559.65	41	Starter
FoodC_9XN5T	potato, milk, onion, cheese	955.95	31	Main Course
FoodC_6TFZN	oregano, onion, potato, paneer	266.32	33	Main Course
FoodC_V4BLM	paneer, mushroom, cream, cheese	754.91	29	Main Course
FoodC_IIT48	carrot, potato, chicken, spinach	1141.06	38	Beverage
FoodC_BAKX9	broccoli, chicken, onion, potato	115.93	28	Starter
FoodC_DK5VG	oregano, spinach, lentils, garlic	217.89	38	Combo
FoodC_5KL8K	fish, potato, beef, corn	1157.48	11	Combo
FoodC_XNXEE	butter, garlic, tomato, yogurt	457.61	31	Beverage
FoodC_UPEX1	capsicum, pepper, fish, cheese	695.72	7	Combo
FoodC_DBCXS	cream, spinach, potato, tomato	1184.27	33	Non-Veg
FoodC_R7SRL	egg, broccoli, garlic, flour	227.72	14	Dessert
FoodC_WB85X	basil, potato, butter, corn	652.68	32	Dessert
FoodC_6U0BG	oregano, egg, fish, carrot	986.02	36	Veg
FoodC_PZRMY	basil, milk, yogurt, cream	606.14	40	Dessert
FoodC_D5MC8	beef, capsicum, onion, noodles	748.1	15	Combo
FoodC_P3T2H	butter, noodles, paneer, chicken	807.96	44	Main Course
FoodC_5V2ZZ	pepper, onion, beef, egg	1172.58	16	Combo
FoodC_MA5OX	cheese, chicken, carrot, mushroom	627.67	31	Veg
FoodC_WPGXI	lentils, rice, fish, flour	273.03	5	Starter
FoodC_UQMB0	rice, lentils, cheese, egg	1099.06	31	Veg
FoodC_F4CFY	mushroom, carrot, garlic, cheese	792.37	41	Veg
FoodC_9PPGE	cream, lentils, yogurt, capsicum	235.09	43	Beverage
FoodC_PCJIU	tomato, egg, mushroom, beef	953.97	22	Beverage
FoodC_JJPGN	rice, potato, cheese, noodles	731.77	27	Main Course
FoodC_H0X2W	pepper, onion, paneer, cream	1183.03	25	Combo
FoodC_55KHQ	noodles, fish, cream, rice	883.03	26	Beverage
FoodC_IJ5TS	beef, butter, oregano, yogurt	372.46	44	Veg
FoodC_DX5UF	garlic, butter, carrot, spinach	1182.72	34	Combo
FoodC_XRS7F	cheese, chicken, noodles, butter	1196.03	44	Beverage
FoodC_HWB26	garlic, rice, butter, fish	1110.66	32	Dessert
FoodC_QHDHS	yogurt, cheese, carrot, oregano	338.13	39	Main Course
FoodC_WNJQZ	beef, chicken, noodles, spinach	567.6	39	Veg
FoodC_L873D	egg, lentils, butter, broccoli	648.04	38	Starter
FoodC_VHTP2	noodles, cream, fish, carrot	1112.68	21	Veg
FoodC_661CC	tomato, spinach, cream, oregano	642.3	11	Dessert
FoodC_WG2PR	potato, mushroom, cheese, garlic	1182.77	19	Combo
FoodC_11Z45	broccoli, spinach, paneer, yogurt	232.91	40	Main Course
FoodC_0HB4Y	chicken, basil, butter, broccoli	169.4	27	Starter
FoodC_1VXNU	onion, beef, carrot, flour	233.69	44	Non-Veg
FoodC_95NVM	garlic, milk, broccoli, potato	244.15	24	Main Course
FoodC_BAYM6	egg, spinach, yogurt, potato	1115.5	31	Starter
FoodC_HI0D9	tomato, butter, beef, yogurt	170.55	29	Dessert
FoodC_0ZLTB	chicken, butter, fish, milk	602.15	30	Veg
FoodC_A23PW	potato, fish, paneer, capsicum	1098.49	22	Beverage
FoodC_9FLYT	rice, broccoli, pepper, beef	345.68	21	Veg
FoodC_525YQ	chicken, garlic, beef, butter	788.63	16	Dessert
FoodC_VVZK8	egg, beef, cream, milk	1122.83	29	Combo
FoodC_I91UM	cheese, broccoli, fish, mushroom	432.11	24	Combo
FoodC_MC1X5	tomato, basil, butter, yogurt	722.03	24	Non-Veg
FoodC_8LQ7Z	oregano, tomato, chicken, paneer	1132.09	31	Dessert
FoodC_LCCT4	garlic, rice, onion, corn	222.64	20	Starter
FoodC_2X0HX	broccoli, flour, yogurt, butter	487.19	19	Beverage
FoodC_IKKDL	oregano, carrot, lentils, paneer	568.93	31	Starter
FoodC_FYSMB	basil, noodles, broccoli, yogurt	622.63	9	Combo
FoodC_4KXZY	yogurt, basil, spinach, onion	443.82	36	Non-Veg
FoodC_A0IXM	broccoli, milk, onion, butter	321.51	8	Main Course
FoodC_CVNFZ	yogurt, butter, corn, flour	779.67	36	Non-Veg
FoodC_V7SOH	broccoli, rice, yogurt, onion	686.67	5	Starter
FoodC_6S67Z	rice, mushroom, spinach, milk	752.33	44	Starter
FoodC_FRJRQ	mushroom, lentils, yogurt, butter	286.6	36	Non-Veg
FoodC_P0Q9R	cream, pepper, chicken, butter	1065.69	23	Dessert
FoodC_ICU8K	basil, fish, egg, garlic	1083.91	31	Combo
FoodC_RQPWH	mushroom, egg, paneer, beef	390.83	30	Main Course
